{
  "block_count": 50,
  "start_block": 25043888,
  "end_block": 25043937,
  "cu_costs": {
    "GetLogs": 60,
    "GetBlockReceipts": 20,
    "GetTransactionReceipt": 20,
    "GetBlockByNumber": 20
  },
  "methods": [
    {
      "method": "eth_getLogs (per block)",
      "blocks": 50,
      "total_rpc_calls": 50,
      "total_bytes_in": 26876636,
      "total_bytes_out": 5342,
      "total_cu": 3000,
      "total_logs": 37210,
      "errors": 0,
      "wall_ms": 10164,
      "avg_latency_ms": 167.68862,
      "p50_latency_ms": 134.3272,
      "p95_latency_ms": 410.5816,
      "p99_latency_ms": 630.993,
      "max_latency_ms": 630.993,
      "bytes_per_block_avg": 537532,
      "cu_per_log": 0.08062348830959419
    },
    {
      "method": "eth_getLogs (ranged)",
      "blocks": 50,
      "total_rpc_calls": 5,
      "total_bytes_in": 26875024,
      "total_bytes_out": 535,
      "total_cu": 300,
      "total_logs": 37210,
      "errors": 0,
      "wall_ms": 3924,
      "avg_latency_ms": 694.68226,
      "p50_latency_ms": 684.2175,
      "p95_latency_ms": 821.6041,
      "p99_latency_ms": 821.6041,
      "max_latency_ms": 821.6041,
      "bytes_per_block_avg": 537500,
      "cu_per_log": 0.00806234883095942
    },
    {
      "method": "eth_getBlockReceipts",
      "blocks": 50,
      "total_rpc_calls": 50,
      "total_bytes_in": 41590129,
      "total_bytes_out": 4007,
      "total_cu": 1000,
      "total_logs": 37210,
      "errors": 0,
      "wall_ms": 98343,
      "avg_latency_ms": 302.432768,
      "p50_latency_ms": 308.549,
      "p95_latency_ms": 376.4189,
      "p99_latency_ms": 396.0224,
      "max_latency_ms": 396.0224,
      "bytes_per_block_avg": 831802,
      "cu_per_log": 0.026874496103198066
    },
    {
      "method": "eth_getTransactionReceipt (per tx)",
      "blocks": 50,
      "total_rpc_calls": 14799,
      "total_bytes_in": 43330227,
      "total_bytes_out": 2132269,
      "total_cu": 295980,
      "total_logs": 37210,
      "errors": 0,
      "wall_ms": 1183672,
      "avg_latency_ms": 16970.550844,
      "p50_latency_ms": 16019.9898,
      "p95_latency_ms": 26689.1548,
      "p99_latency_ms": 31443.7758,
      "max_latency_ms": 31443.7758,
      "bytes_per_block_avg": 866604,
      "cu_per_log": 7.954313356624564
    }
  ]
}
